,University,School,Country,Code,Continent,2023 Max,2023 Min,2022 Max,2022 Min,2021 Max,2021 Min,2020 Max,2020 Min,University_original,available,2023_accounting_&_finance,2023_business_&_management,2023_communication_&_media,2023_computer_science,2023_development_studies,2023_economics_&_econometrics,2023_mathematics,2023_social_sciences,2023_statistics_&_operational_research
0,university de paris-cite,,France,166,Europe,35.696,35.089,35.785,35.168,36.032,35.033,36.202,35.696,HEC Paris ,"['BAI', 'BEMACC', 'BEMACS', 'BIEF - fin', 'BIEM', 'CLEACC', 'CLEAM', 'CLEF']",,,,301.0,,,52.0,,101.0
1,the london school of economics and political science (lse),Department of Management,United Kingdom,1754,Europe,35.527,35.089,35.999,35.097,35.336,34.056,35.864,35.482,London School of Economics and Political Science,"['BAI', 'BEMACC', 'BEMACS', 'BIEF - fin', 'BIEM', 'CLEACC', 'CLEAM', 'CLEF']",7.0,11.0,3.0,128.0,3.0,7.0,92.0,5.0,27.0
2,ucl,School of Management,United Kingdom,1591,Europe,35.381,34.954,34.876,34.381,33.977,33.977,,,University College London,"['BAI', 'BEMACC', 'BEMACS', 'BIEF - fin', 'BIEM', 'CLEACC', 'CLEAM', 'CLEF']",51.0,101.0,36.0,24.0,,17.0,41.0,21.0,34.0
3,university of the basque country,,Spain,1451,Europe,35.718,34.449,35.336,34.269,34.842,34.482,,,IE University ,"['BAI', 'BEMACC', 'BEMACS', 'BIEF - fin', 'BIEM', 'CLEACC', 'CLEAM', 'CLEF']",,,,,,401.0,,501.0,
4,institut polytechnique de paris,Bachelor of Science,France,1831,Europe,35.729,34.323,36.312,33.587,32.707,32.1,,,École Polytechnique,"['BAI', 'BEMACC', 'BEMACS', 'BESS', 'BIEF - econ', 'BIEF - fin', 'CLEF']",,201.0,,31.0,,76.0,14.0,218.0,23.0
5,university paris 1 pantheon-sorbonne,Département d'Economie,France,1545,Europe,35.674,34.29,33.389,33.301,33.494,32.048,34.763,34.763,Université Paris 1 Panthéon-Sorbonne,"['BESS', 'BIEF - econ']",91.0,151.0,151.0,301.0,39.0,73.0,401.0,59.0,
6,erasmus university rotterdam,"Erasmus School of History, Culture and Communication",The Netherlands,1469,Europe,34.248,34.215,33.963,32.818,34.119,33.227,33.661,33.661,Erasmus Universiteit,"['CLEACC', 'BEMACC']",40.0,18.0,51.0,,13.0,45.0,,48.0,47.0
7,university of glasgow,"Adam Smith Business School, Economics",United Kingdom,248,Europe,34.202,34.202,30.066,27.793,32.238,30.056,,,University of Glasgow,"['BESS', 'BIEF - econ']",61.0,137.0,51.0,133.0,101.0,129.0,151.0,98.0,101.0
8,university pompeu fabra (barcelona),Faculty of Economics and Business Sciences,Spain,608,Europe,35.477,33.966,35.55,33.307,35.658,33.404,36.15,34.752,Universitat Pompeu Fabra,"['BAI', 'BEMACC', 'BEMACS', 'BIEF - fin', 'BIEM', 'CLEACC', 'CLEAM', 'CLEF']",96.0,201.0,101.0,,101.0,26.0,301.0,86.0,
9,ieseg school of management,,France,1540,Europe,34.818,33.831,35.303,33.999,34.719,34.387,34.842,34.473,IÉSEG School of Management ,"['BAI', 'BEMACC', 'BEMACS', 'BIEF - fin', 'BIEM', 'CLEACC', 'CLEAM', 'CLEF']",,,,,,,,,
10,university nova de lisboa,School of Business & Economics,Portugal,863,Europe,34.55,33.828,34.235,32.27,34.909,32.238,34.741,34.345,Universidade Nova de Lisboa,"['BAI', 'BEMACC', 'BEMACS', 'BESS', 'BIEF - econ', 'BIEF - fin', 'BIEM', 'CLEACC', 'CLEAM', 'CLEF']",101.0,151.0,201.0,,,151.0,401.0,218.0,
11,king's college london,School of Management & Business,United Kingdom,1701,Europe,34.685,33.775,34.662,33.807,34.482,33.295,36.044,35.043,King's College London,"['BAI', 'BEMACC', 'BEMACS', 'BIEF - fin', 'BIEM', 'CLEACC', 'CLEAM', 'CLEF']",,97.0,26.0,63.0,50.0,138.0,71.0,42.0,
12,institut national des sciences appliquees de lyon (insa),Collège Universitaire,France,349,Europe,35.468,33.731,34.561,33.488,34.444,33.123,35.202,34.96,Sciences Po,"['BAI', 'BEMACC', 'BEMACS', 'BESS', 'BIEF - econ', 'BIEF - fin', 'BIEM', 'CLEACC', 'CLEAM', 'CLEF']",,,,201.0,,,,,
13,"city, university of london","University of London, Bayes Business School",United Kingdom,870,Europe,34.613,33.718,35.033,33.966,35.426,34.134,36.258,35.1,"City, University of London","['BAI', 'BEMACC', 'BEMACS', 'BIEF - fin', 'BIEM', 'CLEACC', 'CLEAM', 'CLEF']",69.0,70.0,51.0,351.0,,151.0,351.0,159.0,201.0
14,university of st.gallen (hsg),,Switzerland,89,Europe,34.168,33.718,35.076,33.505,34.673,34.055,35.892,35.892,Universität St. Gallen ,"['BAI', 'BEMACC', 'BEMACS', 'BESS', 'BIEF - econ', 'BIEF - fin', 'BIEM', 'CLEACC', 'CLEAM', 'CLEF']",84.0,39.0,,,,116.0,,133.0,
15,erasmus university rotterdam,Rotterdam School of Management,The Netherlands,275,Europe,34.584,33.673,34.471,33.876,33.943,33.25,35.247,35.145,Erasmus Universiteit,"['BAI', 'BEMACC', 'BEMACS', 'BIEF - fin', 'BIEM', 'CLEACC', 'CLEAM', 'CLEF']",40.0,18.0,51.0,,13.0,45.0,,48.0,47.0
16,esade business school | university ramon llull,ESADE Business School,Spain,1211,Europe,34.786,33.657,34.864,33.786,34.893,33.721,35.666,35.1,Universitat Ramon Llull,"['BAI', 'BEMACC', 'BEMACS', 'BIEF - fin', 'BIEM', 'CLEACC', 'CLEAM', 'CLEF']",,17.0,,,,,,,
17,"essec business school, paris",BBA,France,737,Europe,34.977,33.651,35.022,34.089,35.011,33.666,35.471,34.999,ESSEC Business School,"['BAI', 'BEMACC', 'BEMACS', 'BIEF - fin', 'BIEM', 'CLEACC', 'CLEAM', 'CLEF']",62.0,30.0,,,,201.0,,126.0,
18,vrije university amsterdam,Faculty of Economics and Business,The Netherlands,268,Europe,34.617,33.572,35.354,33.73,34.86,34.123,34.707,34.415,Universiteit van Amsterdam,"['BAI', 'BEMACC', 'BEMACS', 'BESS', 'BIEF - econ', 'BIEF - fin', 'BIEM', 'CLEACC', 'CLEAM', 'CLEF']",151.0,151.0,51.0,128.0,101.0,100.0,251.0,182.0,101.0
19,university catolica portuguesa - ucp,Católica Lisbon School of Business & Economics,Portugal,249,Europe,33.721,33.516,34.672,33.55,34.494,33.667,35.584,34.946,Universidade Católica Portuguesa,"['BAI', 'BEMACC', 'BEMACS', 'BESS', 'BIEF - econ', 'BIEF - fin', 'BIEM', 'CLEACC', 'CLEAM', 'CLEF']",,,,,,401.0,,451.0,
20,wu - wirtschaftsuniversitat wien,,Austria,129,Europe,36.134,33.413,35.366,32.64,30.648,30.648,32.211,32.211,WU - Wirtschaftsuniversität Wien ,"['BAI', 'BEMACC', 'BEMACS', 'BESS', 'BIEF - econ', 'BIEF - fin', 'BIEM', 'CLEACC', 'CLEAM', 'CLEF']",,,,,,,,,
21,"trinity college dublin, the university of dublin",Trinity Business School,Ireland,1758,Europe,34.226,33.348,34.85,33.66,32.999,32.725,35.1,34.853,Trinity College Dublin,"['BAI', 'BEMACC', 'BEMACS', 'BIEF - fin', 'BIEM', 'CLEACC', 'CLEAM', 'CLEF']",69.0,148.0,,91.0,,149.0,201.0,117.0,
22,ucl,Department of Economics,United Kingdom,1495,Europe,35.081,33.323,35.037,33.51,34.532,32.011,34.949,34.949,University College London,['BESS'],51.0,101.0,36.0,24.0,,17.0,41.0,21.0,34.0
23,university carlos iii de madrid (uc3m),"Facultad de Ciencias Sociales y Jurídicas, Administración de Empresas",Spain,300,Europe,33.872,33.269,33.775,33.1,33.673,33.1,35.1,34.561,Universidad Carlos III de Madrid,"['BAI', 'BEMACC', 'BEMACS', 'BIEF - fin', 'BIEM', 'CLEACC', 'CLEAM', 'CLEF']",76.0,146.0,,151.0,,59.0,201.0,92.0,151.0
24,queen mary university of london,School of Business and Management,United Kingdom,739,Europe,33.449,33.247,33.044,31.303,34.853,34.539,35.033,35.033,Queen Mary University of London,"['BAI', 'BEMACC', 'BEMACS', 'BIEF - fin', 'BIEM', 'CLEACC', 'CLEAM', 'CLEF']",201.0,301.0,151.0,106.0,51.0,84.0,110.0,150.0,201.0
25,university of glasgow,"Adam Smith Business School, Accounting & Finance",United Kingdom,1700,Europe,33.65,33.149,33.209,31.954,33.19,33.325,,,University of Glasgow,"['CLEF', 'BIEF - fin']",61.0,137.0,51.0,133.0,101.0,129.0,151.0,98.0,101.0
26,university of navarra,Facultad de Ciencias Económicas y Empresariales,Spain,367,Europe,34.043,33.084,33.494,32.571,34.238,32.871,34.775,33.688,Universidad de Navarra,"['BAI', 'BEMACC', 'BEMACS', 'BESS', 'BIEF - econ', 'BIEF - fin', 'BIEM', 'CLEACC', 'CLEAM', 'CLEF']",53.0,,51.0,651.0,,151.0,,55.0,
27,stockholm school of economics,,Sweden,1054,Europe,35.348,33.002,34.28,31.215,34.64,32.159,35.033,33.632,Stockholm School of Economics ,"['BAI', 'BEMACC', 'BEMACS', 'BESS', 'BIEF - econ', 'BIEF - fin', 'BIEM', 'CLEACC', 'CLEAM', 'CLEF']",82.0,72.0,,,,56.0,,155.0,
28,university of zurich,"Faculty of Business, Economics and Informatics",Switzerland,1694,Europe,33.135,32.988,33.898,33.202,33.494,33.19,34.269,34.269,Universität Zürich,"['BAI', 'BEMACC', 'BEMACS', 'BESS', 'BIEF - econ', 'BIEF - fin', 'BIEM', 'CLEACC', 'CLEAM', 'CLEF']",90.0,151.0,21.0,130.0,,36.0,126.0,139.0,101.0
29,university toulouse 1 capitole,Toulouse School of Economics,France,1692,Europe,33.026,32.988,32.938,32.648,32.762,32.762,35.949,35.949,Université Toulouse 1 Capitole,"['BESS', 'BIEF - econ']",,451.0,,,,82.0,,378.0,
30,university catolica portuguesa - ucp,School of Economics and Management,Portugal,467,Europe,33.592,32.954,33.26,32.584,34.258,32.842,34.537,34.097,Universidade Católica Portuguesa,"['BAI', 'BEMACC', 'BEMACS', 'BESS', 'BIEF - econ', 'BIEF - fin', 'BIEM', 'CLEACC', 'CLEAM', 'CLEF']",,,,,,401.0,,451.0,
31,edhec business school,Lille Campus,France,1844,Europe,33.516,32.925,33.786,32.853,33.606,33.033,34.527,34.2,EDHEC Business School,"['BAI', 'BEMACC', 'BEMACS', 'BIEF - fin', 'BIEM', 'CLEACC', 'CLEAM', 'CLEF']",101.0,108.0,,,,,,401.0,
32,emlyon business school,BBA,France,1601,Europe,32.954,32.808,32.342,32.247,32.139,31.833,,,EMLYON Business School,"['BAI', 'BEMACC', 'BEMACS', 'BIEF - fin', 'BIEM', 'CLEACC', 'CLEAM', 'CLEF']",151.0,56.0,,,,,,303.0,
33,manchester metropolitan university (mmu),Alliance Manchester Business School,United Kingdom,740,Europe,35.539,32.789,35.005,29.901,33.471,32.924,34.393,34.393,The University of Manchester,"['BEMACC', 'BEMACS', 'BIEF - fin', 'BIEM', 'CLEACC', 'CLEAM', 'CLEF']",,351.0,,601.0,,,,401.0,
34,kedge business school,Bordeaux Campus,France,1490,Europe,33.473,32.786,32.463,32.112,33.404,32.8,34.28,34.28,KEDGE Business School,"['BAI', 'BEMACC', 'BEMACS', 'BIEF - fin', 'BIEM', 'CLEACC', 'CLEAM', 'CLEF']",,151.0,,,,,,451.0,
35,erasmus university rotterdam,Erasmus School of Economics,The Netherlands,123,Europe,33.521,32.784,34.123,32.576,34.651,33.539,35.191,34.527,Erasmus Universiteit,"['BESS', 'BIEF - econ']",40.0,18.0,51.0,,13.0,45.0,,48.0,47.0
36,edhec business school,Nice Campus,France,1845,Europe,33.741,32.754,32.836,32.474,33.595,32.636,34.864,34.742,EDHEC Business School,"['BAI', 'BEMACC', 'BEMACS', 'BIEF - fin', 'BIEM', 'CLEACC', 'CLEAM', 'CLEF']",101.0,108.0,,,,,,401.0,
37,"trinity college dublin, the university of dublin",Quinn School of Business,Ireland,246,Europe,35.131,32.647,33.449,31.735,33.871,32.92,34.474,34.221,University College Dublin,"['BAI', 'BEMACC', 'BEMACS', 'BIEF - fin', 'BIEM', 'CLEACC', 'CLEAM', 'CLEF']",69.0,148.0,,91.0,,149.0,201.0,117.0,
38,maastricht university,School of Business and Economics,The Netherlands,299,Europe,33.358,32.55,32.85,31.86,33.245,33.044,34.943,34.28,Maastricht University,"['BAI', 'BEMACC', 'BEMACS', 'BESS', 'BIEF - econ', 'BIEF - fin', 'BIEM', 'CLEACC', 'CLEAM', 'CLEF']",151.0,151.0,,401.0,51.0,107.0,,148.0,
39,vlerick leuven gent management school,Faculty of Economics and Business,Belgium,1827,Europe,33.194,32.511,32.651,32.33,33.213,32.898,33.685,33.685,KU Leuven,"['BAI', 'BEMACC', 'BEMACS', 'BESS', 'BIEF - econ', 'BIEF - fin', 'BIEM', 'CLEACC', 'CLEAM', 'CLEF']",,201.0,,,,,,,
40,copenhagen business school,,Denmark,122,Europe,34.999,32.508,34.471,32.036,35.261,32.441,35.303,33.969,Copenhagen Business School ,"['BAI', 'BEMACC', 'BEMACS', 'BESS', 'BIEF - econ', 'BIEF - fin', 'BIEM', 'CLEACC', 'CLEAM', 'CLEF']",57.0,15.0,,,,94.0,,80.0,
41,norwegian school of economics and business administration,BSc Programs,Norway,942,Europe,32.966,32.494,33.393,32.044,33.887,32.37,34.325,34.078,BI Norwegian Business School,"['BAI', 'BEMACC', 'BEMACS', 'BIEF - fin', 'BIEM', 'CLEACC', 'CLEAM', 'CLEF']",,451.0,,,,201.0,,,
42,university of deusto,"Deusto Business School, Bilbao Campus",Spain,512,Europe,32.527,32.409,32.411,32.354,33.089,32.248,33.752,33.752,Universidad de Deusto,"['BAI', 'BEMACC', 'BEMACS', 'BIEF - fin', 'BIEM', 'CLEACC', 'CLEAM', 'CLEF']",,301.0,,,,,,451.0,
43,the university of edinburgh,Business School,United Kingdom,589,Europe,33.224,32.381,33.82,32.954,33.393,32.415,34.921,34.235,The University of Edinburgh,"['BAI', 'BEMACC', 'BEMACS', 'BIEF - fin', 'BIEM', 'CLEACC', 'CLEAM', 'CLEF']",46.0,117.0,45.0,20.0,30.0,69.0,36.0,50.0,40.0
44,frankfurt school of finance & management,,Germany,1477,Europe,33.505,32.364,34.258,32.247,34.775,32.999,35.707,34.999,Frankfurt School of Finance & Management ,"['BAI', 'BEMACC', 'BEMACS', 'BIEF - fin', 'BIEM', 'CLEACC', 'CLEAM', 'CLEF']",,,,,,,,,
45,the university of warwick,Warwick Business School,United Kingdom,128,Europe,34.988,32.303,34.864,32.281,34.977,30.999,,,The University of Warwick,"['BAI', 'BEMACC', 'BEMACS', 'BIEF - fin', 'BIEM', 'CLEACC', 'CLEAM', 'CLEF']",38.0,22.0,51.0,77.0,51.0,22.0,19.0,40.0,16.0
46,university of st andrews,School of Management,United Kingdom,1756,Europe,32.629,32.15,33.336,33.258,33.831,32.672,35.033,33.606,University of St Andrews,"['BAI', 'BEMACC', 'BEMACS', 'BIEF - fin', 'BIEM', 'CLEACC', 'CLEAM', 'CLEF']",151.0,301.0,,351.0,,151.0,201.0,247.0,
47,"university of economics, prague",,Czech Republic,205,Europe,32.482,32.142,32.015,32.015,33.314,32.313,33.822,33.822,University of Economics Prague ,"['BAI', 'BEMACC', 'BEMACS', 'BIEF - fin', 'BIEM', 'CLEACC', 'CLEAM', 'CLEF']",201.0,,,,,301.0,,401.0,
48,kedge business school,Marseille Campus,France,1489,Europe,32.893,32.054,33.893,31.269,33.516,32.921,34.213,34.078,KEDGE Business School,"['BAI', 'BEMACC', 'BEMACS', 'BIEF - fin', 'BIEM', 'CLEACC', 'CLEAM', 'CLEF']",,151.0,,,,,,451.0,
49,norwegian school of economics and business administration,,Norway,124,Europe,33.28,32.022,33.18,30.968,32.75,32.089,34.235,34.011,NHH Norwegian School of Economics ,"['BAI', 'BEMACC', 'BEMACS', 'BESS', 'BIEF - econ', 'BIEF - fin', 'BIEM', 'CLEACC', 'CLEAM', 'CLEF']",,451.0,,,,201.0,,,
50,university paris 1 pantheon-sorbonne,École de Management,France,1828,Europe,33.389,31.942,35.371,33.99,35.194,33.744,33.864,33.864,Université Paris 1 Panthéon-Sorbonne,"['BAI', 'BEMACC', 'BEMACS', 'BIEF - fin', 'BIEM', 'CLEACC', 'CLEAM', 'CLEF']",91.0,151.0,151.0,301.0,39.0,73.0,401.0,59.0,
51,university of leeds,Business School,United Kingdom,1752,Europe,32.193,31.901,33.005,32.707,32.401,30.765,34.303,34.213,University of Leeds,"['BAI', 'BEMACC', 'BEMACS', 'BESS', 'BIEF - econ', 'BIEF - fin', 'BIEM', 'CLEACC', 'CLEAM', 'CLEF']",101.0,67.0,23.0,201.0,20.0,151.0,113.0,83.0,101.0
52,central european university,Undergraduate programs,Austria,2167,Europe,32.46,31.883,31.662,31.662,34.473,33.328,34.591,34.591,Central European University,"['BAI', 'BEMACC', 'BEMACS', 'BESS', 'BIEF - econ', 'BIEF - fin', 'BIEM', 'CLEACC', 'CLEAM', 'CLEF']",,401.0,,,,151.0,,191.0,
53,corvinus university of budapest,,Hungary,191,Europe,32.672,31.859,34.179,31.584,31.651,31.378,32.882,32.882,Corvinus University of Budapest ,"['BAI', 'BEMACC', 'BEMACS', 'BIEF - fin', 'BIEM', 'CLEACC', 'CLEAM', 'CLEF']",,301.0,,,,351.0,,401.0,
54,neoma business school,,France,2087,Europe,31.847,31.847,31.216,31.216,29.923,29.923,,,NEOMA Business School ,"['BAI', 'BEMACC', 'BEMACS', 'BESS', 'BIEF - econ', 'BIEF - fin', 'BIEM', 'CLEACC', 'CLEAM', 'CLEF']",,201.0,,,,,,,
55,university of glasgow,"Adam Smith Business School, Management",United Kingdom,1699,Europe,32.482,31.822,32.151,30.103,33.977,32.258,,,University of Glasgow,"['BAI', 'BEMACC', 'BEMACS', 'BIEM', 'CLEACC', 'CLEAM']",61.0,137.0,51.0,133.0,101.0,129.0,151.0,98.0,101.0
56,toulouse business school,,France,1488,Europe,32.543,31.801,32.86,31.789,34.64,32.617,33.655,33.629,Toulouse Business School ,"['BAI', 'BEMACS', 'BIEF - fin', 'BIEM', 'CLEAM', 'CLEF']",,,,,,,,,
57,tilburg university,Faculty of Economics and Business Administration,The Netherlands,465,Europe,33.407,31.744,33.111,31.233,33.438,31.994,34.213,34.213,Universiteit van Tilburg,"['BAI', 'BEMACC', 'BEMACS', 'BESS', 'BIEF - econ', 'BIEF - fin', 'BIEM', 'CLEACC', 'CLEAM', 'CLEF']",49.0,63.0,,401.0,,44.0,,94.0,101.0
58,university of birmingham,Birmingham Business School,United Kingdom,523,Europe,31.966,31.696,32.506,31.595,32.876,32.022,32.617,32.574,University of Birmingham,"['BAI', 'BEMACC', 'BEMACS', 'BIEF - fin', 'BIEM', 'CLEACC', 'CLEAM', 'CLEF']",76.0,122.0,51.0,138.0,51.0,141.0,137.0,122.0,151.0
59,aalto university,School of Business,Finland,1371,Europe,34.086,31.691,33.438,31.539,33.549,32.141,,,Aalto University,"['BAI', 'BEMACC', 'BEMACS', 'BESS', 'BIEF - econ', 'BIEF - fin', 'BIEM', 'CLEACC', 'CLEAM', 'CLEF']",151.0,76.0,101.0,84.0,,151.0,151.0,206.0,
60,technical university of munich,TUM School of Management,Germany,1834,Europe,34.279,31.673,30.997,30.27,33.106,32.752,,,Technische Universität München,"['BAI', 'BEMACC', 'BEMACS', 'BIEF - fin', 'BIEM', 'CLEACC', 'CLEAM', 'CLEF']",151.0,76.0,,29.0,,,43.0,177.0,28.0
61,"city, university of london","University of London, School for Policy and Global Affairs, Department of Economics",United Kingdom,1588,Europe,32.674,31.667,32.089,28.286,31.691,31.674,,,"City, University of London","['BESS', 'BIEF - econ']",69.0,70.0,51.0,351.0,,151.0,351.0,159.0,201.0
62,university paris dauphine,Bachelor Programs,France,1603,Europe,34.381,31.663,34.011,32.584,33.606,32.572,34.785,33.988,Université Paris Dauphine,"['BAI', 'BEMACC', 'BEMACS', 'BIEF - fin', 'BIEM', 'CLEACC', 'CLEAM', 'CLEF']",,,,,,,,,
63,lancaster university,The Management School,United Kingdom,127,Europe,33.246,31.661,32.013,31.265,,,34.168,33.595,Lancaster University,"['BAI', 'BEMACC', 'BEMACS', 'BESS', 'BIEF - econ', 'BIEF - fin', 'BIEM', 'CLEACC', 'CLEAM', 'CLEF']",65.0,70.0,101.0,124.0,,201.0,201.0,120.0,51.0
64,aston university,Aston Business School,United Kingdom,941,Europe,32.722,31.617,32.134,31.323,32.914,31.912,33.494,33.404,Aston University,"['BAI', 'BEMACC', 'BEMACS', 'BESS', 'BIEF - econ', 'BIEF - fin', 'BIEM', 'CLEACC', 'CLEAM', 'CLEF']",151.0,106.0,,551.0,,351.0,,345.0,
65,university of deusto,"Deusto Business School, San Sebastián Campus",Spain,1541,Europe,32.331,31.613,32.315,31.66,32.641,32.606,33.914,33.914,Universidad de Deusto,"['BAI', 'BEMACC', 'BEMACS', 'BIEF - fin', 'BIEM', 'CLEACC', 'CLEAM', 'CLEF']",,301.0,,,,,,451.0,
66,university of bristol,"School of Economics, Finance and Management",United Kingdom,1836,Europe,32.516,31.539,31.999,31.008,32.215,30.776,34.123,34.123,University of Bristol,"['BAI', 'BEMACC', 'BEMACS', 'BIEF - fin', 'BIEM', 'CLEACC', 'CLEAM', 'CLEF']",101.0,251.0,151.0,140.0,101.0,94.0,74.0,125.0,51.0
67,skema business school,,France,2269,Europe,31.731,31.531,,,,,,,SKEMA Business School ,"['BAI', 'BEMACC', 'BEMACS', 'BESS', 'BIEF - econ', 'BIEF - fin', 'BIEM', 'CLEACC', 'CLEAM', 'CLEF']",,,,,,,,,
68,university of sussex,"School of Business, Management and Economics",United Kingdom,1757,Europe,34.553,31.471,31.03,30.932,32.686,32.686,34.102,34.102,University of Sussex,"['BAI', 'BEMACC', 'BEMACS', 'BESS', 'BIEF - econ', 'BIEF - fin', 'BIEM', 'CLEACC', 'CLEAM', 'CLEF']",,301.0,101.0,501.0,1.0,141.0,,250.0,
69,university of gothenburg,"School of Business, Economics and Law",Sweden,346,Europe,33.269,31.416,31.996,31.329,33.112,31.876,33.919,33.617,University of Gothenburg,"['BAI', 'BEMACC', 'BEMACS', 'BESS', 'BIEF - econ', 'BIEF - fin', 'BIEM', 'CLEACC', 'CLEAM', 'CLEF']",251.0,351.0,51.0,401.0,,201.0,301.0,234.0,
70,university zu koln,Wirtschafts und Sozialwissenschafts Fakultät,Germany,54,Europe,32.601,31.381,32.482,30.932,33.404,32.449,33.838,33.838,Universität zu Köln,"['BAI', 'BEMACC', 'BEMACS', 'BESS', 'BIEF - econ', 'BIEF - fin', 'BIEM', 'CLEACC', 'CLEAM', 'CLEF']",,,,,,,,,
71,aarhus university,School of Business and Social Sciences,Denmark,1546,Europe,31.909,31.323,31.919,30.721,33.161,31.805,33.595,33.595,Aarhus University,"['BAI', 'BEMACC', 'BEMACS', 'BESS', 'BIEF - econ', 'BIEF - fin', 'BIEM', 'CLEACC', 'CLEAM', 'CLEF']",201.0,201.0,47.0,140.0,,128.0,251.0,164.0,101.0
72,lund university,School of Economics and Management,Sweden,1542,Europe,31.831,31.238,31.919,31.134,32.988,31.753,33.404,33.19,Lund University,"['BAI', 'BEMACC', 'BEMACS', 'BESS', 'BIEF - econ', 'BIEF - fin', 'BIEM', 'CLEACC', 'CLEAM', 'CLEF']",201.0,148.0,51.0,201.0,28.0,151.0,201.0,111.0,101.0
73,uppsala university,Department of Business Studies,Sweden,301,Europe,32.145,31.213,31.516,30.725,32.898,31.856,34.336,32.999,Uppsala University,"['BAI', 'BEMACC', 'BEMACS', 'BIEF - fin', 'BIEM', 'CLEACC', 'CLEAM', 'CLEF']",301.0,251.0,101.0,151.0,51.0,151.0,151.0,216.0,151.0
74,university libre de bruxelles,"Solvay Brussels School, Economics & Management",Belgium,243,Europe,31.675,31.213,32.107,30.707,32.327,30.707,34.053,33.0,Université Libre de Bruxelles,"['BAI', 'BEMACC', 'BEMACS', 'BESS', 'BIEF - econ', 'BIEF - fin', 'BIEM', 'CLEACC', 'CLEAM', 'CLEF']",,251.0,151.0,201.0,101.0,150.0,151.0,202.0,101.0
75,manchester metropolitan university (mmu),"School of Social Sciences, Department of Economics",United Kingdom,1586,Europe,31.203,31.203,33.059,32.059,32.224,31.872,,,The University of Manchester,"['BESS', 'BIEF - econ']",,351.0,,601.0,,,,401.0,
76,university carlos iii de madrid (uc3m),"Facultad de Ciencias Sociales y Jurídicas, Economía",Spain,313,Europe,33.378,31.191,34.707,32.01,34.543,31.37,,,Universidad Carlos III de Madrid,"['BESS', 'BIEF - econ']",76.0,146.0,,151.0,,59.0,201.0,92.0,151.0
77,university of bath,School of Management,United Kingdom,1494,Europe,32.874,31.114,31.99,30.998,32.914,31.912,,,University of Bath,"['BAI', 'BEMACC', 'BEMACS', 'BIEF - fin', 'BIEM', 'CLEACC', 'CLEAM', 'CLEF']",101.0,78.0,,351.0,51.0,201.0,108.0,148.0,101.0
78,university of lausanne,Faculty of Business and Economics,HEC Lausanne,176,Europe,31.559,31.067,34.219,31.144,34.606,32.14,31.921,31.907,Université de Lausanne,"['BAI', 'BEMACC', 'BEMACS', 'BESS', 'BIEF - econ', 'BIEF - fin', 'BIEM', 'CLEACC', 'CLEAM', 'CLEF']",101.0,151.0,,,,138.0,,230.0,
79,aalto university,"School of Business, BScBA programme - Mikkeli Campus",Finland,1594,Europe,32.471,31.043,30.866,30.34,32.617,32.19,34.303,34.303,Aalto University,"['BAI', 'BEMACC', 'BEMACS', 'BIEF - fin', 'BIEM', 'CLEACC', 'CLEAM', 'CLEF']",151.0,76.0,101.0,84.0,,151.0,151.0,206.0,
80,westfalische wilhelms-university munster,Otto Beisheim School of Management,Germany,917,Europe,32.539,30.966,32.921,28.889,33.348,32.566,33.662,33.449,WHU,"['BAI', 'BEMACC', 'BEMACS', 'BIEF - fin', 'BIEM', 'CLEACC', 'CLEAM', 'CLEF']",,351.0,101.0,501.0,,451.0,151.0,401.0,
81,ebs university fur wirtschaft und recht,EBS Business School,Germany,1432,Europe,31.123,30.935,30.662,30.23,32.731,31.841,33.078,33.078,EBS Universität für Wirtschaft und Recht,"['BAI', 'BEMACC', 'BEMACS', 'BIEF - fin', 'BIEM', 'CLEACC', 'CLEAM', 'CLEF']",,,,,,,,,
82,the university of exeter,Business School,United Kingdom,572,Europe,31.606,30.87,32.166,31.665,32.831,29.69,34.542,34.145,University of Exeter,"['BAI', 'BEMACC', 'BEMACS', 'BESS', 'BIEF - econ', 'BIEF - fin', 'BIEM', 'CLEACC', 'CLEAM', 'CLEF']",101.0,151.0,,351.0,101.0,201.0,201.0,169.0,
83,university of strathclyde,Business School,United Kingdom,257,Europe,31.089,30.87,31.473,30.876,33.0,31.011,32.85,32.85,University of Strathclyde,"['BAI', 'BEMACC', 'BEMACS', 'BESS', 'BIEF - econ', 'BIEF - fin', 'BIEM', 'CLEACC', 'CLEAM', 'CLEF']",201.0,127.0,,351.0,,301.0,251.0,261.0,151.0
84,university mannheim,Business School,Germany,52,Europe,32.864,30.852,29.752,28.685,33.82,31.527,33.808,33.808,Universität Mannheim,"['BAI', 'BEMACS', 'BIEF - fin', 'BIEM', 'CLEAM', 'CLEF']",80.0,75.0,201.0,,,43.0,,122.0,
85,ludwig-maximilians-university munchen,Munich School of Management,Germany,1491,Europe,32.348,30.813,35.224,31.649,33.818,32.943,,,Ludwig-Maximilians-Universität München,"['BAI', 'BEMACC', 'BEMACS', 'BIEF - fin', 'BIEM', 'CLEACC', 'CLEAM', 'CLEF']",,151.0,22.0,91.0,,38.0,134.0,99.0,51.0
86,jonkoping university,Jönköping International Business School,Sweden,543,Europe,32.295,30.675,32.359,29.896,32.643,31.789,33.022,33.022,Jönköping University,"['BAI', 'BEMACC', 'BEMACS', 'BIEF - fin', 'BIEM', 'CLEACC', 'CLEAM', 'CLEF']",,,,,,,,,
87,university of nottingham,Nottingham University Business School,United Kingdom,1496,Europe,32.178,30.46,31.449,26.595,32.342,32.089,,,The University of Nottingham,"['BAI', 'BEMACC', 'BEMACS', 'BIEF - fin', 'BIEM', 'CLEACC', 'CLEAM', 'CLEF']",101.0,135.0,151.0,201.0,,100.0,201.0,122.0,101.0
88,university of luxembourg,"Faculté de Droit, d'Économie et de Finance",Luxembourg,1604,Europe,32.078,30.067,30.141,30.001,30.586,30.355,32.763,32.763,Université du Luxembourg,"['BAI', 'BEMACC', 'BEMACS', 'BESS', 'BIEF - econ', 'BIEF - fin', 'BIEM', 'CLEACC', 'CLEAM', 'CLEF']",,,,301.0,,501.0,451.0,,
89,charles university,"Faculty of Social Sciences, Bachelor in Economics and Finance",Czech Republic,1593,Europe,30.063,30.033,32.213,31.092,33.597,33.597,31.561,31.561,Charles University,"['BESS', 'BIEF - econ']",,,151.0,251.0,,151.0,145.0,258.0,
90,the university of warwick,Department of Economics,United Kingdom,1497,Europe,30.319,30.011,34.191,31.416,34.1,30.691,,,The University of Warwick,"['BESS', 'BIEF - econ']",38.0,22.0,51.0,77.0,51.0,22.0,19.0,40.0,16.0
91,university catholique de louvain (uclouvain),"Faculté des sciences économiques, sociales, politiques et de communication, Ecole des Sciences économiques",Belgium,1145,Europe,30.277,29.919,30.719,29.979,31.843,31.145,32.795,32.795,Université Catholique de Louvain,"['BAI', 'BEMACC', 'BEMACS', 'BESS', 'BIEF - econ', 'BIEF - fin', 'BIEM', 'CLEACC', 'CLEAM', 'CLEF']",,251.0,,124.0,51.0,91.0,130.0,173.0,51.0
92,university catholique de louvain (uclouvain),,UCL Mons,1431,Europe,30.585,29.895,31.013,30.754,,,,,Université Catholique de Louvain à Mons ,"['BAI', 'BEMACC', 'BEMACS', 'BIEF - fin', 'BIEM', 'CLEACC', 'CLEAM', 'CLEF']",,251.0,,124.0,51.0,91.0,130.0,173.0,51.0
93,university of bath,Department of Economics,United Kingdom,1996,Europe,29.712,29.597,28.605,28.605,30.136,30.136,,,University of Bath,"['BESS', 'BIEF - econ']",101.0,78.0,,351.0,51.0,201.0,108.0,148.0,101.0
94,loughborough university,School of Business and Economics,United Kingdom,1702,Europe,30.354,29.351,,,33.1,33.011,34.089,34.089,Loughborough University,"['BAI', 'BEMACC', 'BEMACS', 'BESS', 'BIEF - econ', 'BIEF - fin', 'BIEM', 'CLEACC', 'CLEAM', 'CLEF']",201.0,135.0,51.0,251.0,,301.0,251.0,182.0,
95,estonian business school,,Estonia,276,Europe,29.956,28.442,,,32.914,32.079,33.539,33.055,Estonian Business School ,"['BAI', 'BEMACC', 'BEMACS', 'BIEF - fin', 'BIEM', 'CLEACC', 'CLEAM', 'CLEF']",,,,,,,,,
96,warsaw school of economics (sgh),,Poland,223,Europe,28.183,28.183,32.123,32.123,32.463,32.463,32.813,32.813,Warsaw School of Economics ,"['BAI', 'BEMACC', 'BEMACS', 'BESS', 'BIEF - econ', 'BIEF - fin', 'BIEM', 'CLEACC', 'CLEAM', 'CLEF']",251.0,351.0,,,,301.0,,501.0,
97,freie university berlin,School of Business & Economics,Germany,1747,Europe,27.388,27.388,31.611,30.64,32.903,32.903,,,Freie Universität Berlin,"['BAI', 'BEMACC', 'BEMACS', 'BESS', 'BIEF - econ', 'BIEF - fin', 'BIEM', 'CLEACC', 'CLEAM', 'CLEF']",201.0,201.0,39.0,201.0,,151.0,113.0,106.0,
98,reichman university (idc herzliya),,IDC Herzliya,1464,Middle East,33.609,31.954,33.572,31.413,33.866,32.442,,,Reichman University (IDC Herzliya),"['BAI', 'BEMACC', 'BEMACS', 'BESS', 'BIEF - fin', 'BIEM', 'CLEACC', 'CLEAM', 'CLEF']",,,,,,,,,
99,kuwait university,College of Business Administration,Kuwait,1422,Middle East,29.87,29.87,,,,,,,Kuwait University,"['BAI', 'BEMACC', 'BEMACS', 'BESS', 'BIEF - econ', 'BIEF - fin', 'BIEM', 'CLEACC', 'CLEAM', 'CLEF']",,,,,,,,,
100,the hebrew university of jerusalem,The Jerusalem School of Business Administration,Israel,1763,Middle East,28.585,27.393,31.393,31.247,33.033,31.539,,,The Hebrew University of Jerusalem,"['BAI', 'BEMACC', 'BEMACS', 'BESS', 'BIEF - fin', 'BIEM', 'CLEACC', 'CLEAM', 'CLEF']",,501.0,151.0,251.0,,201.0,148.0,401.0,
101,"university of missouri, columbia","Columbia College, Department of Economics",United States,493,North America,36.323,35.949,35.73,35.539,35.751,35.666,35.831,35.831,Columbia University,"['BESS', 'BIEF - econ']",251.0,401.0,50.0,551.0,,301.0,351.0,401.0,
102,pennsylvania state university,Wharton School,United States,163,North America,36.235,35.752,36.213,35.55,36.123,35.609,36.107,35.696,University of Pennsylvania,"['BAI', 'BEMACC', 'BEMACS', 'BIEF - fin', 'BIEM', 'CLEACC', 'CLEAM', 'CLEF']",86.0,67.0,25.0,106.0,,106.0,80.0,67.0,51.0
103,university of toronto,Faculty of Arts & Science,Canada,2273,North America,35.817,35.729,,,,,,,University of Toronto,['BAI'],15.0,28.0,33.0,12.0,21.0,18.0,23.0,15.0,17.0
104,"stony brook university, state university of new york",Stern School of Business,United States,162,North America,35.853,35.561,36.508,35.415,35.721,35.404,35.864,35.494,New York University,"['BAI', 'BEMACC', 'BEMACS', 'BIEF - fin', 'BIEM', 'CLEACC', 'CLEAM', 'CLEF']",,,,301.0,,451.0,151.0,,
105,princeton university,Department of Economics,United States,635,North America,35.415,35.303,35.786,35.595,36.053,36.053,36.078,36.078,Princeton University,"['BESS', 'BIEF - econ']",25.0,85.0,,13.0,17.0,5.0,7.0,15.0,12.0
106,cornell university,"College of Agricultural and Life Sciences & SC Johnson College of Business, Dyson School of Applied Economics and Management",United States,202,North America,35.73,35.291,35.359,35.145,35.226,35.086,35.741,35.527,Cornell University,"['BAI', 'BEMACC', 'BEMACS', 'BIEF - fin', 'BIEM', 'CLEACC', 'CLEAM', 'CLEF']",27.0,35.0,34.0,17.0,24.0,27.0,32.0,27.0,18.0
107,university of southern california,Marshall School of Business,United States,317,North America,35.785,35.247,35.744,34.954,35.505,35.179,35.527,35.301,University of Southern California,"['BAI', 'BEMACC', 'BEMACS', 'BIEF - fin', 'BIEM', 'CLEACC', 'CLEAM', 'CLEF']",46.0,78.0,2.0,55.0,,65.0,106.0,88.0,51.0
108,pennsylvania state university,"School of Arts and Sciences, Department of Economics",United States,1214,North America,35.011,35.011,35.449,35.336,35.565,35.565,35.455,35.455,University of Pennsylvania,"['BESS', 'BIEF - econ']",86.0,67.0,25.0,106.0,,106.0,80.0,67.0,51.0
109,carnegie mellon university,Tepper School of Business,United States,1555,North America,34.665,34.665,35.193,35.193,,,35.268,35.268,Carnegie Mellon University,"['BAI', 'BEMACC', 'BEMACS', 'BIEF - fin', 'BIEM', 'CLEACC', 'CLEAM', 'CLEF']",87.0,69.0,101.0,2.0,,53.0,19.0,92.0,11.0
110,university of michigan-ann arbor,Ross School of Business,United States,164,North America,35.37,34.64,35.123,34.64,35.056,34.516,35.415,34.943,University of Michigan,"['BAI', 'BEMACC', 'BEMACS', 'BIEF - fin', 'BIEM', 'CLEACC', 'CLEAM', 'CLEF']",26.0,27.0,12.0,44.0,,25.0,24.0,20.0,15.0
111,"stony brook university, state university of new york","College of Arts and Science, Department of Economics",United States,78,North America,34.597,34.597,35.359,35.359,35.597,35.597,35.806,35.806,New York University,"['BESS', 'BIEF - econ']",,,,301.0,,451.0,151.0,,
112,"university of california, san diego (ucsd)",International Business Program,United States,871,North America,35.134,34.595,34.988,34.336,35.224,34.73,35.539,35.539,San Diego State University,"['BAI', 'BEMACC', 'BEMACS', 'BIEM', 'CLEACC', 'CLEAM']",101.0,201.0,101.0,44.0,,19.0,61.0,86.0,51.0
113,university of british columbia,Vancouver School of Economics,Canada,961,North America,34.4,34.4,33.808,33.808,35.488,35.488,35.004,34.989,The University of British Columbia,"['BESS', 'BIEF - econ']",29.0,39.0,47.0,21.0,25.0,22.0,32.0,17.0,51.0
114,university of massachusetts boston,Questrom School of Business,United States,1596,North America,35.248,34.248,35.056,34.64,35.37,34.55,35.022,34.943,Boston University,"['BAI', 'BEMACC', 'BEMACS', 'BIEF - fin', 'BIEM', 'CLEACC', 'CLEAM', 'CLEF']",301.0,301.0,201.0,551.0,,301.0,,501.0,
115,university of south florida,Warrington College of Business,United States,133,North America,34.306,34.236,34.527,34.033,34.707,34.46,34.215,34.215,University of Florida,"['BAI', 'BEMACC', 'BEMACS', 'BIEF - fin', 'BIEM', 'CLEACC', 'CLEAM', 'CLEF']",301.0,301.0,201.0,451.0,,,401.0,501.0,
116,johns hopkins university,Center for Leadership Education,United States,1598,North America,34.235,34.235,34.864,33.173,34.224,34.224,34.339,34.224,Johns Hopkins University,"['BAI', 'BEMACC', 'BEMACS', 'BIEF - fin', 'BIEM', 'CLEACC', 'CLEAM', 'CLEF']",101.0,201.0,101.0,72.0,39.0,74.0,71.0,109.0,48.0
117,university of southern california,all campuses,United States,227,North America,35.73,34.179,35.617,34.685,35.876,34.778,36.384,35.191,University of California,"['BEMACC', 'BESS', 'BIEF - econ', 'BIEF - fin', 'BIEM', 'CLEACC', 'CLEAM', 'CLEF']",46.0,78.0,2.0,55.0,,65.0,106.0,88.0,51.0
118,university of british columbia,Sauder School of Business,Canada,142,North America,35.82,34.142,35.145,34.381,35.291,34.235,35.46,35.359,The University of British Columbia,"['BAI', 'BEMACC', 'BEMACS', 'BIEF - fin', 'BIEM', 'CLEACC', 'CLEAM', 'CLEF']",29.0,39.0,47.0,21.0,25.0,22.0,32.0,17.0,51.0
119,university of illinois at chicago (uic),"The College, Department of Economics",United States,1398,North America,34.752,34.059,35.158,34.773,,,35.37,35.295,The University of Chicago,"['BESS', 'BIEF - econ']",101.0,251.0,51.0,151.0,,201.0,140.0,234.0,
120,northeastern university,,United States,2092,North America,34.55,34.056,34.449,34.325,34.426,34.226,,,Northeastern University ,"['BAI', 'BEMACC', 'BEMACS', 'BESS', 'BIEF - econ', 'BIEF - fin', 'BIEM', 'CLEACC', 'CLEAM', 'CLEF']",,151.0,151.0,151.0,,251.0,301.0,384.0,
121,university of toronto,Rotman Commerce,Canada,1423,North America,35.763,33.864,34.606,33.763,,,,,University of Toronto,"['BAI', 'BEMACC', 'BEMACS', 'BIEF - fin', 'BIEM', 'CLEACC', 'CLEAM', 'CLEF']",15.0,28.0,33.0,12.0,21.0,18.0,23.0,15.0,17.0
122,university of texas at austin,McCombs School of Business,United States,252,North America,34.999,33.654,34.662,32.059,35.303,33.969,35.629,35.064,The University of Texas at Austin,"['BAI', 'BEMACC', 'BEMACS', 'BIEF - fin', 'BIEM', 'CLEACC', 'CLEAM', 'CLEF']",32.0,55.0,5.0,36.0,,61.0,29.0,45.0,51.0
123,boston college,,United States,542,North America,34.505,33.619,34.404,34.067,34.592,34.291,34.685,34.333,Boston College ,"['BAI', 'BEMACC', 'BEMACS', 'BIEM', 'CLEACC', 'CLEAM']",101.0,151.0,,,,86.0,451.0,227.0,
124,tulane university,Freeman School of Business,United States,357,North America,34.797,33.486,33.673,33.224,33.864,33.696,34.707,34.089,Tulane University,"['BAI', 'BEMACC', 'BEMACS', 'BIEF - fin', 'BIEM', 'CLEACC', 'CLEAM', 'CLEF']",,,,,,,,,
125,babson college,,United States,742,North America,34.123,33.213,34.554,32.629,34.067,33.932,33.999,33.64,Babson College ,"['BAI', 'BEMACC', 'BEMACS', 'BESS', 'BIEF - econ', 'BIEF - fin', 'BIEM', 'CLEACC', 'CLEAM', 'CLEF']",,,,,,,,,
126,mcgill university,Desautels Faculty of Management,Canada,616,North America,34.425,33.137,35.022,32.123,34.505,33.968,34.954,34.943,McGill University,"['BAI', 'BEMACC', 'BEMACS', 'BIEF - fin', 'BIEM', 'CLEACC', 'CLEAM', 'CLEF']",55.0,51.0,51.0,34.0,36.0,90.0,55.0,42.0,51.0
127,emory university,Goizueta Business School,United States,347,North America,33.673,33.033,34.078,33.336,33.763,33.366,34.909,34.378,Emory University,"['BAI', 'BEMACC', 'BEMACS', 'BIEF - fin', 'BIEM', 'CLEACC', 'CLEAM', 'CLEF']",151.0,301.0,,551.0,,251.0,301.0,325.0,201.0
128,university of toronto,Faculty of Arts and Science,Canada,1708,North America,32.971,32.927,,,,,,,University of Toronto,"['BESS', 'BIEF - econ']",15.0,28.0,33.0,12.0,21.0,18.0,23.0,15.0,17.0
129,university du quebec,,UQAM,972,North America,32.831,32.831,32.114,29.469,,,33.946,33.226,Université du Québec à Montréal (UQAM),"['BAI', 'BEMACC', 'BEMACS', 'BESS', 'BIEF - econ', 'BIEF - fin', 'BIEM', 'CLEACC', 'CLEAM', 'CLEF']",,401.0,151.0,251.0,,401.0,201.0,353.0,201.0
130,"university of north carolina, chapel hill","College of Arts and Sciences, Department of Economics",United States,1525,North America,32.643,32.643,31.762,31.303,33.652,30.463,33.921,30.729,University of North Carolina at Chapel Hill,"['BESS', 'BIEF - econ']",80.0,141.0,45.0,132.0,,133.0,201.0,109.0,51.0
131,university of illinois at urbana-champaign,Gies College of Business,United States,970,North America,34.516,32.627,34.319,32.449,34.449,32.77,34.516,33.831,University of Illinois at Urbana Champaign,"['BAI', 'BEMACC', 'BEMACS', 'BIEF - fin', 'BIEM', 'CLEACC', 'CLEAM', 'CLEF']",51.0,124.0,31.0,25.0,51.0,87.0,55.0,90.0,51.0
132,university de montreal,,Canada,139,North America,34.584,32.617,35.237,33.471,34.673,33.882,35.303,34.742,Hec Montréal ,"['BAI', 'BEMACC', 'BEMACS', 'BESS', 'BIEF - econ', 'BIEF - fin', 'BIEM', 'CLEACC', 'CLEAM', 'CLEF']",97.0,73.0,101.0,47.0,,111.0,66.0,139.0,32.0
133,brandeis university,,United States,1987,North America,32.554,32.554,30.987,30.734,33.876,33.28,31.505,31.505,Brandeis University ,"['BAI', 'BEMACC', 'BEMACS', 'BESS', 'BIEF - econ', 'BIEF - fin', 'BIEM', 'CLEACC', 'CLEAM', 'CLEF']",,,,,,451.0,,,
134,cornell university,"School of Industrial and Labor Relations, Department of Economics",United States,1481,North America,34.044,32.539,35.056,34.258,35.433,34.213,35.213,34.96,Cornell University,"['BESS', 'BIEF - econ']",27.0,35.0,34.0,17.0,24.0,27.0,32.0,27.0,18.0
135,university of ottawa,Telfer School of Management,Canada,1554,North America,34.037,32.433,29.495,29.438,33.651,33.64,34.842,34.842,University of Ottawa,"['BAI', 'BEMACC', 'BEMACS', 'BIEF - fin', 'BIEM', 'CLEACC', 'CLEAM', 'CLEF']",251.0,301.0,151.0,201.0,101.0,251.0,301.0,227.0,
136,university of victoria (uvic),Gustavson School of Business,Canada,1212,North America,33.224,32.415,34.215,31.574,34.449,32.904,,,University of Victoria,"['BAI', 'BEMACC', 'BEMACS', 'BIEF - fin', 'BIEM', 'CLEACC', 'CLEAM', 'CLEF']",,451.0,,251.0,,,301.0,501.0,
137,"university of maryland, college park",Smith School of Business,United States,303,North America,33.269,32.303,33.505,32.629,34.449,30.564,34.617,34.295,University of Maryland,"['BAI', 'BEMACC', 'BEMACS', 'BIEF - fin', 'BIEM', 'CLEACC', 'CLEAM', 'CLEF']",101.0,119.0,51.0,59.0,,78.0,79.0,131.0,101.0
138,the ohio state university,Fisher College of Business,United States,956,North America,32.786,32.283,33.853,31.895,34.303,33.539,34.438,34.438,The Ohio State University,"['BAI', 'BEMACC', 'BEMACS', 'BESS', 'BIEF - econ', 'BIEF - fin', 'BIEM', 'CLEACC', 'CLEAM', 'CLEF']",67.0,118.0,27.0,201.0,51.0,93.0,100.0,95.0,101.0
139,washington university in st. louis,Foster School of Business,United States,50,North America,33.688,32.089,34.209,32.025,34.325,33.494,34.393,34.393,University of Washington,"['BAI', 'BEMACC', 'BEMACS', 'BIEM', 'CLEACC', 'CLEAM']",151.0,251.0,,351.0,,116.0,351.0,283.0,201.0
140,queen's university at kingston,Smith School of Business,Canada,612,North America,34.044,32.086,34.629,30.209,34.581,32.813,34.179,33.692,Queen's University,"['BAI', 'BEMACC', 'BEMACS', 'BIEF - fin', 'BIEM', 'CLEACC', 'CLEAM', 'CLEF']",101.0,137.0,,139.0,,129.0,301.0,144.0,
141,arizona state university,Carey School of Business,United States,1053,North America,34.089,32.014,33.977,32.957,34.202,31.935,34.901,34.901,Arizona State University,"['BAI', 'BEMACC', 'BEMACS', 'BESS', 'BIEF - econ', 'BIEF - fin', 'BIEM', 'CLEACC', 'CLEAM', 'CLEF']",101.0,97.0,101.0,151.0,101.0,151.0,201.0,112.0,51.0
142,university of south carolina,Moore School of Business,United States,1401,North America,32.722,31.981,34.1,32.989,33.258,32.943,33.512,33.314,University of South Carolina,"['BAI', 'BEMACC', 'BEMACS', 'BIEF - fin', 'BIEM', 'CLEACC', 'CLEAM', 'CLEF']",201.0,151.0,151.0,501.0,,301.0,451.0,378.0,
143,west virginia university,McIntire School of Commerce,United States,1128,North America,33.765,31.921,33.853,31.999,34.516,33.166,34.673,33.325,University of Virginia,"['BAI', 'BEMACC', 'BEMACS', 'BIEF - fin', 'BIEM', 'CLEACC', 'CLEAM', 'CLEF']",,,,,,451.0,,,
144,carnegie mellon university,Department of Economics,United States,1556,North America,31.894,31.894,33.224,33.224,,,,,Carnegie Mellon University,"['BESS', 'BIEF - econ']",87.0,69.0,101.0,2.0,,53.0,19.0,92.0,11.0
145,"university of north carolina, chapel hill",Kenan Flagler Business School,United States,203,North America,33.651,31.709,33.898,33.235,34.591,33.247,35.089,34.307,University of North Carolina at Chapel Hill,"['BAI', 'BEMACC', 'BEMACS', 'BIEF - fin', 'BIEM', 'CLEACC', 'CLEAM', 'CLEF']",80.0,141.0,45.0,132.0,,133.0,201.0,109.0,51.0
146,university of texas at austin,"College of Liberal Arts, Department of Economics",United States,1034,North America,32.334,31.707,33.202,32.08,33.641,33.641,31.896,31.896,The University of Texas at Austin,"['BESS', 'BIEF - econ']",32.0,55.0,5.0,36.0,,61.0,29.0,45.0,51.0
147,dartmouth college,"College of Arts and Sciences, Department of Economics",United States,743,North America,33.872,31.64,34.092,32.091,33.685,31.792,,,Dartmouth College,"['BESS', 'BIEF - econ']",,134.0,,301.0,,78.0,451.0,209.0,
148,simon fraser university,Beedie School of Business,Canada,473,North America,33.887,31.592,33.166,30.46,33.561,33.157,34.179,33.673,Simon Fraser University,"['BAI', 'BEMACC', 'BEMACS', 'BIEF - fin', 'BIEM', 'CLEACC', 'CLEAM', 'CLEF']",201.0,201.0,101.0,151.0,,201.0,201.0,275.0,201.0
149,university of calgary,Haskayne School of Business,Canada,966,North America,32.842,31.555,32.887,32.448,33.273,32.539,35.359,34.898,University of Calgary,"['BAI', 'BEMACC', 'BEMACS', 'BIEF - fin', 'BIEM', 'CLEACC', 'CLEAM', 'CLEF']",151.0,201.0,201.0,151.0,,201.0,251.0,209.0,201.0
150,washington university in st. louis,Olin Business School,United States,873,North America,33.876,31.494,34.269,32.224,33.281,32.763,34.887,33.572,Washington University in St. Louis,"['BAI', 'BEMACC', 'BEMACS', 'BIEF - fin', 'BIEM', 'CLEACC', 'CLEAM', 'CLEF']",151.0,251.0,,351.0,,116.0,351.0,283.0,201.0
151,york university,Schulich School of Business,Canada,487,North America,32.291,31.482,33.429,31.185,33.516,33.248,34.134,34.134,York University,"['BAI', 'BEMACC', 'BEMACS', 'BIEF - fin', 'BIEM', 'CLEACC', 'CLEAM', 'CLEF']",101.0,139.0,151.0,251.0,101.0,201.0,351.0,209.0,201.0
152,university of texas at austin,Mays Business School,United States,1526,North America,33.336,31.473,34.048,33.28,34.401,33.709,34.494,33.909,Texas A&M University,"['BAI', 'BEMACC', 'BEMACS', 'BIEF - fin', 'BIEM', 'CLEACC', 'CLEAM', 'CLEF']",32.0,55.0,5.0,36.0,,61.0,29.0,45.0,51.0
153,university of colorado boulder,Leeds School of Business,United States,1557,North America,32.627,31.433,33.168,32.583,32.634,32.634,33.742,33.742,University of Colorado Boulder,"['BAI', 'BEMACC', 'BEMACS', 'BIEF - fin', 'BIEM', 'CLEACC', 'CLEAM', 'CLEF']",251.0,401.0,51.0,351.0,,251.0,151.0,374.0,
154,indiana university bloomington,Kelley School of Business,United States,1213,North America,33.484,31.19,33.539,26.857,34.527,32.959,34.044,33.912,Indiana University,"['BAI', 'BEMACC', 'BEMACS', 'BIEF - fin', 'BIEM', 'CLEACC', 'CLEAM', 'CLEF']",98.0,94.0,51.0,201.0,,151.0,151.0,141.0,151.0
155,university of wisconsin-madison,School of Business,United States,258,North America,33.321,30.993,33.507,28.84,34.101,33.213,34.932,33.494,University of Wisconsin-Madison,"['BAI', 'BEMACC', 'BEMACS', 'BIEF - fin', 'BIEM', 'CLEACC', 'CLEAM', 'CLEF']",101.0,151.0,8.0,91.0,51.0,56.0,69.0,73.0,36.0
156,georgia institute of technology,Scheller College of Business,United States,951,North America,34.486,30.883,35.025,32.864,34.42,33.44,34.946,33.935,Georgia Institute of Technology,"['BAI', 'BEMACC', 'BEMACS', 'BIEF - fin', 'BIEM', 'CLEACC', 'CLEAM', 'CLEF']",151.0,74.0,201.0,28.0,,201.0,25.0,194.0,9.0
157,virginia polytechnic institute and state university,Pamplin College of Business,United States,1485,North America,31.415,30.831,30.415,29.575,33.185,33.025,32.733,32.213,Virginia Tech,"['BAI', 'BEMACC', 'BEMACS', 'BESS', 'BIEF - econ', 'BIEF - fin', 'BIEM', 'CLEACC', 'CLEAM', 'CLEF']",251.0,251.0,,151.0,,351.0,151.0,336.0,51.0
158,northwestern university,"Weinberg College of Arts and Sciences, Department of Economics",United States,1396,North America,34.044,30.817,34.168,33.806,35.55,35.55,35.279,34.864,Northwestern University,"['BESS', 'BIEF - econ']",29.0,14.0,16.0,151.0,,14.0,85.0,23.0,45.0
159,western university,Ivey School of Business,Canada,141,North America,31.607,30.763,32.077,31.471,29.916,29.916,,,Western University,"['BAI', 'BEMACC', 'BEMACS', 'BIEF - fin', 'BIEM', 'CLEACC', 'CLEAM', 'CLEF']",101.0,66.0,201.0,301.0,,123.0,351.0,136.0,151.0
160,michigan state university,Eli Broad College of Business,United States,1986,North America,30.725,30.718,33.067,33.067,33.55,33.415,32.667,32.667,Michigan State University,"['BAI', 'BEMACC', 'BEMACS', 'BIEF - fin', 'BIEM', 'CLEACC', 'CLEAM', 'CLEF']",101.0,63.0,9.0,148.0,51.0,100.0,82.0,68.0,51.0
161,university of victoria (uvic),"Faculty of Sciences, Social Sciences & Humanities, Department of Economics",Canada,741,North America,31.411,30.224,33.218,33.092,32.081,31.344,,,University of Victoria,"['BESS', 'BIEF - econ']",,451.0,,251.0,,,301.0,501.0,
162,purdue university,Krannert School of Management,United States,1010,North America,33.078,30.001,31.907,31.685,32.775,32.775,32.977,32.977,Purdue University,"['BAI', 'BEMACC', 'BEMACS', 'BESS', 'BIEF - econ', 'BIEF - fin', 'BIEM', 'CLEACC', 'CLEAM', 'CLEF']",101.0,113.0,51.0,68.0,,111.0,63.0,117.0,29.0
163,university of minnesota twin cities,Carlson School of Management,United States,138,North America,31.131,29.966,32.617,31.053,33.348,31.396,33.876,32.081,University of Minnesota,"['BAI', 'BEMACC', 'BEMACS', 'BIEF - fin', 'BIEM', 'CLEACC', 'CLEAM', 'CLEF']",101.0,112.0,51.0,201.0,51.0,45.0,103.0,90.0,51.0
164,case western reserve university,Weatherhead School of Management,United States,1766,North America,31.342,29.961,32.943,31.8,32.921,32.662,33.043,33.043,Case Western Reserve University,"['BAI', 'BEMACC', 'BEMACS', 'BESS', 'BIEF - econ', 'BIEF - fin', 'BIEM', 'CLEACC', 'CLEAM', 'CLEF']",,351.0,,451.0,,,,,
165,brigham young university,Marriott School,United States,1529,North America,29.737,29.737,29.293,29.293,32.381,32.381,34.162,34.162,Brigham Young University,"['BAI', 'BEMACC', 'BEMACS', 'BIEF - fin', 'BIEM', 'CLEACC', 'CLEAM', 'CLEF']",201.0,401.0,,,,451.0,,,
166,university of richmond,Robins School of Business,United States,253,North America,33.303,29.685,34.438,33.381,34.482,33.595,34.408,33.956,University of Richmond,"['BAI', 'BEMACC', 'BEMACS', 'BIEF - fin', 'BIEM', 'CLEACC', 'CLEAM', 'CLEF']",,,,,,,,,
167,washington university in st. louis,"College of Arts and Sciences, Department of Economics",United States,872,North America,28.173,28.173,30.488,30.488,,,30.828,30.828,Washington University in St. Louis,"['BESS', 'BIEF - econ']",151.0,251.0,,351.0,,116.0,351.0,283.0,201.0
168,university of michigan-ann arbor,"Department of Economics,",through Ross School of Business,1558,North America,27.519,27.519,33.797,33.797,27.286,27.286,,,University of Michigan,"['BESS', 'BIEF - econ']",26.0,27.0,12.0,44.0,,25.0,24.0,20.0,15.0
169,george washington university,School of Business,United States,369,North America,34.168,27.335,34.527,34.325,34.303,34.067,34.813,34.813,The George Washington University,"['BAI', 'BEMACC', 'BEMACS', 'BIEF - fin', 'BIEM', 'CLEACC', 'CLEAM', 'CLEF']",151.0,144.0,51.0,301.0,51.0,133.0,501.0,126.0,
170,fundacao getulio vargas,"EAESP, International Program in Management",Brazil,1792,Latin America,34.559,32.056,,,,,,,Fundação Getulio Vargas,"['BAI', 'BEMACC', 'BEMACS', 'BESS', 'BIEF - econ', 'BIEF - fin', 'BIEM', 'CLEACC', 'CLEAM', 'CLEF']",151.0,105.0,,,,125.0,,141.0,
171,university de belgrano,,Argentina,154,Latin America,31.592,31.592,30.531,30.531,,,,,Universidad de Belgrano ,"['BAI', 'BEMACC', 'BEMACS', 'BESS', 'BIEF - econ', 'BIEF - fin', 'BIEM', 'CLEACC', 'CLEAM', 'CLEF']",,,,,,,,,
172,university de buenos aires (uba),Facultad de Ciencias Económicas,Argentina,1680,Latin America,34.183,31.17,32.125,31.589,,,,,Universidad de Buenos Aires,"['BAI', 'BEMACC', 'BEMACS', 'BESS', 'BIEF - econ', 'BIEF - fin', 'BIEM', 'CLEACC', 'CLEAM', 'CLEF']",,151.0,151.0,201.0,,201.0,142.0,39.0,
173,university argentina de la empresa - uade,,Argentina,153,Latin America,33.592,30.584,33.651,32.601,,,,,Universidad Argentina de la Empresa - UADE ,"['BAI', 'BEMACC', 'BEMACS', 'BESS', 'BIEF - econ', 'BIEF - fin', 'BIEM', 'CLEACC', 'CLEAM', 'CLEF']",,,,,,,,,
174,university adolfo ibanez,,Chile,962,Latin America,31.691,30.02,30.342,29.331,33.401,31.786,,,Universidad Adolfo Ibañez ,"['BAI', 'BEMACC', 'BEMACS', 'BESS', 'BIEF - econ', 'BIEF - fin', 'BIEM', 'CLEACC', 'CLEAM', 'CLEF']",,96.0,,,,251.0,,187.0,
175,university catolica del uruguay,,Uruguay,219,Latin America,34.213,29.931,,,,,,,Universidad Católica del Uruguay ,"['BAI', 'BEMACC', 'BEMACS', 'BESS', 'BIEF - econ', 'BIEF - fin', 'BIEM', 'CLEACC', 'CLEAM', 'CLEF']",,,,,,,,,
176,university torcuato di tella,,Argentina,157,Latin America,34.179,29.665,33.462,33.462,,,,,Universidad Torcuato di Tella ,"['BAI', 'BEMACC', 'BEMACS', 'BESS', 'BIEF - econ', 'BIEF - fin', 'BIEM', 'CLEACC', 'CLEAM', 'CLEF']",,301.0,,,,351.0,,303.0,
177,university de san andres,,Argentina,350,Latin America,31.559,29.436,31.601,29.601,,,,,Universidad de San Andrés ,"['BAI', 'BEMACC', 'BEMACS', 'BESS', 'BIEF - econ', 'BIEF - fin', 'BIEM', 'CLEACC', 'CLEAM', 'CLEF']",,,,,,,,,
178,university tecnica federico santa maria (usm),,Chile,304,Latin America,29.568,28.538,30.213,29.63,33.516,32.555,,,Universidad Técnica Federico Santa María ,"['BAI', 'BEMACC', 'BEMACS', 'BESS', 'BIEF - econ', 'BIEF - fin', 'BIEM', 'CLEACC', 'CLEAM', 'CLEF']",,,,351.0,,,401.0,,
179,pontificia university catolica de chile (uc),Business School,Chile,228,Latin America,32.449,27.775,31.143,30.895,33.257,30.574,,,Pontificia Universidad Católica de Chile,"['BAI', 'BEMACC', 'BEMACS', 'BESS', 'BIEF - econ', 'BIEF - fin', 'BIEM', 'CLEACC', 'CLEAM', 'CLEF']",72.0,59.0,51.0,148.0,,97.0,151.0,21.0,101.0
180,tecnologico de monterrey,,Mexico,318,Latin America,27.709,27.709,,,,,,,Tecnológico de Monterrey - ITESM ,"['BAI', 'BEMACC', 'BEMACS', 'BESS', 'BIEF - econ', 'BIEF - fin', 'BIEM', 'CLEACC', 'CLEAM', 'CLEF']",92.0,24.0,101.0,86.0,,119.0,,37.0,
181,university de los andes,Facultad de Administración,Colombia,156,Latin America,29.941,27.609,,,,,,,Universidad de los Andes,"['BAI', 'BEMACC', 'BEMACS', 'BIEF - fin', 'BIEM', 'CLEACC', 'CLEAM', 'CLEF']",,88.0,,201.0,39.0,132.0,301.0,66.0,
182,instituto tecnologico autonomo de mexico (itam),ITAM,Mexico,204,Latin America,34.077,24.946,,,,,,,Instituto Tecnológico Autónomo de México,"['BAI', 'BEMACC', 'BEMACS', 'BESS', 'BIEF - econ', 'BIEF - fin', 'BIEM', 'CLEACC', 'CLEAM', 'CLEF']",151.0,150.0,,,,151.0,,232.0,
183,national university of singapore (nus),NUS Business School,Singapore,255,Asia,35.73,35.089,35.673,34.643,35.494,33.632,35.864,35.078,National University of Singapore,"['BAI', 'BEMACC', 'BEMACS', 'BIEF - fin', 'BIEM', 'CLEACC', 'CLEAM', 'CLEF']",14.0,13.0,23.0,6.0,,20.0,13.0,18.0,14.0
184,"nanyang technological university, singapore (ntu)",Nanyang Business School,Singapore,736,Asia,35.114,34.617,34.73,34.221,,,,,Nanyang Technological University,"['BAI', 'BEMACC', 'BEMACS', 'BIEF - fin', 'BIEM', 'CLEACC', 'CLEAM', 'CLEF']",21.0,21.0,6.0,11.0,,49.0,29.0,35.0,38.0
185,tsinghua university,School of Economics and Management,China,1060,Asia,34.407,34.314,32.442,32.37,34.011,32.033,,,Tsinghua University,"['BAI', 'BEMACS', 'BESS', 'BIEF - econ', 'BIEF - fin', 'BIEM', 'CLEAM', 'CLEF']",27.0,32.0,38.0,15.0,,29.0,26.0,28.0,20.0
186,the hong kong university of science and technology,School of Business and Management,China,352,Asia,34.864,34.081,34.516,32.25,34.516,33.328,34.968,32.879,Hong Kong University of Science & Technology,"['BAI', 'BEMACC', 'BEMACS', 'BIEF - fin', 'BIEM', 'CLEACC', 'CLEAM', 'CLEF']",34.0,31.0,,40.0,,31.0,59.0,55.0,46.0
187,singapore management university,,Singapore,421,Asia,34.999,34.013,35.42,33.606,34.898,34.036,,,Singapore Management University ,"['BAI', 'BEMACC', 'BEMACS', 'BESS', 'BIEF - econ', 'BIEF - fin', 'BIEM', 'CLEACC', 'CLEAM', 'CLEF']",49.0,43.0,,151.0,,69.0,,171.0,201.0
188,waseda university,School of Commerce,Japan,1467,Asia,33.954,33.954,35.377,33.561,32.876,32.876,,,Waseda University,"['BAI', 'BEMACC', 'BEMACS', 'BESS', 'BIEF - fin', 'BIEM', 'CLEACC', 'CLEAM', 'CLEF']",101.0,142.0,201.0,151.0,,116.0,151.0,95.0,201.0
189,national university of singapore (nus),"Faculty of Arts & Social Sciences, Department of Economics",Singapore,1771,Asia,33.831,33.831,,,35.026,34.988,35.595,34.838,National University of Singapore,"['BESS', 'BIEF - econ']",14.0,13.0,23.0,6.0,,20.0,13.0,18.0,14.0
190,hanyang university,Business School,Korea,1500,Asia,33.602,33.602,32.945,32.945,32.932,32.876,33.853,33.853,Hanyang University,"['BAI', 'BEMACC', 'BEMACS', 'BIEF - fin', 'BIEM', 'CLEACC', 'CLEAM', 'CLEF']",201.0,122.0,151.0,151.0,,201.0,301.0,173.0,
